{
  "channels": [
    {
      "guid": "9F0F57D6-B897-11E0-AF2E-92314924019B",
      "name": "UR Play",
      "description": {
        "en": "Broadcasts and show from Sveriges Utbildningsradio (URPlay.se).",
        "sv": "Sändningar från Sveriges Utbildningsradio (URPlay.se)."
      },
      "icon": "urplaylarge.png",
      "category": "National",
      "channelcode": null,
      "sortorder": 2,
      "language": "se",
      "fanart": "urplayfanart.jpg"
    }
  ],
  "settings": [
     {
      "order": 1,
      "value": "type=\"number\" label=\"30586\" default=\"25\"",
      "id": "mainlist_pages"
    }
  ]
}