<?xml version="1.0" encoding="UTF-8" standalone="yes"?>
<addon id="script.audio.mixer" name="Kodi Audio Mixer" version="5.1.0" provider-name="Team Kodi">
	<requires>
		<import addon="xbmc.python" version="3.0.0"/>
	</requires>
	<extension point="xbmc.python.script" library="default.py"/>
	<extension point="xbmc.addon.metadata">
		<platform>osx linux</platform>
		<summary lang="en_GB">Kodi Audio Mixer</summary>
		<description lang="en_GB">Kodi Audio Mixer</description>
		<license>GPL-2.0-only</license>
		<source>https://github.com/XBMC-Addons/script.audio.mixer</source>
		<assets>
			<icon>icon.png</icon>
		</assets>
	</extension>
</addon>
