{
  "channels": [
    {
      "guid": "F638A42C-E419-11E2-AB44-9E636188709B",
      "name": "SVT Öppet arkiv",
      "description": {
        "en": "Broadcasts and shows from SVT Öppet arkiv (www.oppetarkiv.se).",
        "sv": "Sändningar från SVT Öppet arkiv (www.oppetarkiv.se)."
      },
      "icon": "oppetarkivlarge.png",
      "category": "National",
      "channelcode": "oppetarkiv",
      "sortorder": 1,
      "language": "se",
      "fanart": "oppetarkivfanart.jpg",
      "ignore": true
    }
  ],
  "settings": [
  ]
}