{
  "channels": [
    {
      "guid": "BD113683-233A-46EB-962D-98B3C02EB738",
      "name": "RTV Utrecht",
      "description": {
        "en": "Video on demand for RTV Utrecht.\n\nRTV Utrecht is the regional broadcaster for the province of Utrecht and consists of RTV Utrecht, Radio M Utrecht, UStad & Bingo FM.",
        "nl": "RTV Utrecht Uitzendinggemist.\n\nRTV Utrecht is de regionale omroep voor de provincie Utrecht en bestaat uit RTV Utrecht, Radio M Utrecht, UStad & Bingo FM."
      },
      "icon": "rtvutrechtlarge.png",
      "category": "Regional",
      "channelcode": "rtvutrecht",
      "sortorder": 100,
      "language": "nl",
      "fanart": "rtvutrechtfanart.png"
    },
    {
      "guid": "8B4A56C7-44D5-40C2-A890-2287C4C1D74B",
      "name": "Omroep Zeeland",
      "description": {
        "en": "Omroep Zeeland Uitzendinggemist.\n\nOmroep Zeeland is the regional broadcaster for the province of Zeeland. They are active on radio, television and internet.",
        "nl": "Video on demand for Omroep Zeeland.\n\nOmroep Zeeland is de regionale omroep voor de provincie Zeeland, actief op radio, televisie en internet."
      },
      "icon": "omroepzeelandlarge.png",
      "category": "Regional",
      "channelcode": "omroepzeeland",
      "sortorder": 100,
      "language": "nl",
      "fanart": "omroepzeelandfanart.jpg"
    },
    {
      "guid": "7C40EEE7-40F4-40ED-8A70-FAAB42B7A2B1",
      "name": "RTV Noord",
      "description": {
        "en": "Video on demand for RTV Noord.\n\nNews, weather sports and opinions at RTV Noord, the regional broadcaster for Groningen.",
        "nl": "RTV Noord Uitzendinggemist.\n\nNieuws, weer, sport en opinie op RTV Noord, de regionale omroep voor Groningen."
      },
      "icon": "rtvnoordlarge.png",
      "category": "Regional",
      "channelcode": "rtvnoord",
      "sortorder": 100,
      "language": "nl",
      "fanart": "rtvnoordfanart.png"
    },
    {
      "guid": "BF2B907D-D437-46DB-B802-F946850098FB",
      "name": "RTV Rijnmond",
      "description": {
        "en": "Video on demand for RTV Rijnmond.\n\n\"We are always on. We are there where it happens. Since 1983 via radio, since 1997 on TV and since 2000 online. We are Rijnmond. We are there!\"",
        "nl": "RTV Rijnmond Uitzendinggemist.\n\n\"Wij staan altijd aan. Wij zijn daar waar het gebeurt. Sinds 1983 op de radio. Sinds 1997 op tv. Sinds 2000 online. Wij zijn Rijnmond. Wij zijn erbij!\""
      },
      "icon": "rtvrijnmondlarge.png",
      "category": "Regional",
      "channelcode": "rtvrijnmond",
      "sortorder": 100,
      "language": "nl",
      "fanart": "rtvrijnmondfanart.png"
    },
    {
      "guid": "EFE57022-9F52-41F9-8775-13CCD001FA56",
      "name": "Omroep West",
      "description": {
        "en": "Video on demand for Omroep West.\n\nThe latest news, weather, traffic from the The Hague region, Zoetermeer, Westland, Delft, Leiden, Alphen aan den Rijn en Gouda.",
        "nl": "Omroep West Uitzendinggemist.\n\nHet laatste nieuws, weer, verkeer uit regio Den Haag, Zoetermeer, Westland, Delft, Leiden, Alphen aan den Rijn en Gouda."
      },
      "icon": "omroepwestlarge.png",
      "category": "Regional",
      "channelcode": "omroepwest",
      "sortorder": 100,
      "language": "nl",
      "fanart": "omroepwestfanart.jpg"
    },
    {
      "guid": "9CC8EF1B-8840-42F1-B0A1-0D20652DB68F",
      "name": "Omroep Gelderland",
      "description": {
        "en": "Video on demand for Omroep Gelderland.\n\nKeep up-to-date with the latest news from Gelderland.",
        "nl": "Omroep Gelderland Uitzendinggemist.\n\nAltijd op de hoogte van het laatste Gelderse nieuws."
      },
      "icon": "omroepgelderlandlarge.png",
      "poster": "omroepgelderlandposter.png",
      "category": "Regional",
      "channelcode": "omroepgelderland",
      "sortorder": 100,
      "language": "nl",
      "fanart": "omroepgelderlandfanart.jpg"
    },
    {
      "guid": "5B5FFB5A-2537-473C-AA80-8C256FA632DB",
      "name": "RTV Oost",
      "description": {
        "en": "Video on demand for RTV Oost.\n\nNews and messages from RTV Oost, the regional broadcaster for Overijssel. If something happened in Overijssel, you will see it at RTV Oost.",
        "nl": "RTV Oost Uitzendinggemist.\n\nNieuws en berichten van RTV Oost, de regionale omroep voor Overijssel. Gebeurt er iets in Overijssel? Dan zie je het bij RTV Oost."
      },
      "icon": "rtvoostlarge.png",
      "category": "Regional",
      "channelcode": "rtvoost",
      "sortorder": 100,
      "language": "nl",
      "fanart": "rtvoostfanart.jpg"
    },
    {
      "guid": "B7EB69DF-18C4-4935-BA83-0B2A89295178",
      "name": "RTV Drenthe",
      "description": {
        "en": "Video on demand for RTV Drenthe.\n\nRTV Drenthe is thé newssource of the province of Drenthe. They keep the inhabitants of Drenthe up-to-date with the news of the provice.",
        "nl": "RTV Drenthe Uitzendinggemist.\n\nRTV Drenthe is dé nieuwsbron van de provincie Drenthe. Ze houden de inwoners van Drenthe op de hoogte van het nieuws uit de provincie."
      },
      "icon": "rtvdrenthelarge.png",
      "category": "Regional",
      "channelcode": "rtvdrenthe",
      "sortorder": 100,
      "language": "nl",
      "fanart": "rtvdrenthefanart.jpg"
    }
  ]
}
