{
  "channels": [
    {
      "guid": "A9BE95B0-2ED6-4E75-B5DF-C3ECAF0441E6",
      "name": "SRF.ch Play",
      "description": {
        "en": "Content from the Schweizer Radio und Fernsehen (SRF) Play platform.",
        "nl": "Videos en afleveringen van Schweizer Radio und Fernsehen (SRF) Play.",
        "de": "Schweizer Radio und Fernsehen Play content."
      },
      "icon": "srficon.png",
      "category": "National",
      "channelcode": "srf",
      "sortorder": 101,
      "language": "de",
      "fanart": "srffanart.jpg"
    }
  ]
}